timestamp	status	firmware	uptime_s	psh_errors	disc_errors	wlan_rx_bytes	wlan_tx_bytes	established_9090	established_8080
2026-10-09T20:44:22Z	UP	FwVer:6.0.0.54.62;date:2026.10.09;	27695.44	936	935	1388988	2567526	2	0
2026-10-09T20:44:33Z	UP	FwVer:6.0.0.54.62;date:2026.10.09;	27705.85	936	935	1397249	2576975	2	0
2026-10-09T20:44:43Z	UP	FwVer:6.0.0.54.62;date:2026.10.09;	27716.27	936	935	1405174	2585902	2	0
2026-10-09T20:44:54Z	UP	FwVer:6.0.0.54.62;date:2026.10.09;	27726.68	936	935	1412993	2594695	2	0
2026-10-09T20:45:04Z	UP	FwVer:6.0.0.54.62;date:2026.10.09;	27737.10	936	935	1420916	2603810	2	0
2026-10-09T20:45:14Z	UP	FwVer:6.0.0.54.62;date:2026.10.09;	27747.53	936	935	1429073	2613135	2	0
2026-10-09T20:45:25Z	UP	FwVer:6.0.0.54.62;date:2026.10.09;	27757.96	936	935	1437136	2622262	2	0
2026-10-09T20:45:35Z	UP	FwVer:6.0.0.54.62;date:2026.10.09;	27768.37	936	935	1444955	2631121	2	0
2026-10-09T20:45:46Z	UP	FwVer:6.0.0.54.62;date:2026.10.09;	27778.79	936	935	1452774	2639980	2	0
2026-10-09T20:45:56Z	UP	FwVer:6.0.0.54.62;date:2026.10.09;	27789.21	936	935	1461035	2649495	2	0
2026-10-09T20:46:06Z	UP	FwVer:6.0.0.54.62;date:2026.10.09;	27799.65	936	935	1468918	2658420	2	0
2026-10-09T20:46:17Z	UP	FwVer:6.0.0.54.62;date:2026.10.09;	27810.06	936	935	1476737	2667279	2	0
2026-10-09T20:46:27Z	UP	FwVer:6.0.0.54.62;date:2026.10.09;	27820.48	936	935	1484660	2676394	2	0
